Season,team_id,Team,Total Wins,Shots,Blocked Shots,Goals,Power Play Goals,Power Play Opportunities,PIM,Player Hits,Giveaways,Takeaways,Injured Players,Standing
2018,2,NY Islanders Islanders (NYI),21,28.315789474,15.394736842,2.947368421,0.473684211,3.0,9.342105263,24.815789474,10.552631579,6.815789474,2.842105263,5.0
2018,5,Pittsburgh Penguins (PIT),21,32.717948718,14.923076923,3.384615385,0.743589744,2.794871795,7.358974359,29.358974359,9.333333333,8.641025641,2.564102564,9.0
2018,52,Winnipeg Jets (WPG),24,32.526315789,14.026315789,3.394736842,0.894736842,3.131578947,9.947368421,19.894736842,9.342105263,7.473684211,2.526315789,10.0
2018,6,Boston Bruins (BOS),21,32.871794872,12.538461538,2.794871795,0.846153846,3.179487179,10.743589744,23.358974359,9.769230769,8.564102564,2.512820513,3.0
2018,53,Arizona Coyotes (ARI),17,30.615384615,14.666666667,2.512820513,0.564102564,3.256410256,8.564102564,21.897435897,8.282051282,6.384615385,2.615384615,0.0
2018,14,Tampa Bay Lightning (TBL),30,33.717948718,13.948717949,4.179487179,1.025641026,3.435897436,8.871794872,24.076923077,8.41025641,7.230769231,3.0,1.0
2018,21,Colorado Avalanche (COL),19,31.769230769,15.846153846,3.384615385,0.974358974,3.564102564,9.820512821,19.153846154,6.230769231,5.230769231,2.025641026,16.0
2018,19,St Louis Blues (STL),15,30.138888889,15.194444444,2.805555556,0.638888889,3.027777778,9.638888889,20.611111111,7.111111111,7.916666667,2.75,12.0
2018,15,Washington Capitals (WSH),24,29.578947368,15.394736842,3.552631579,0.710526316,3.052631579,8.815789474,22.289473684,11.631578947,8.131578947,2.815789474,4.0
2018,28,San Jose Sharks (SJS),21,35.125,13.325,3.375,0.675,2.975,8.1,17.8,9.5,8.725,2.95,6.0
2018,12,Carolina Hurricanes (CAR),16,37.157894737,12.684210526,2.447368421,0.5,3.473684211,7.394736842,27.210526316,11.5,11.736842105,2.394736842,11.0
2018,4,Philadelphia Flyers (PHI),15,31.578947368,14.289473684,2.868421053,0.368421053,2.921052632,10.0,22.526315789,9.210526316,5.236842105,2.736842105,0.0
2018,24,Anaheim Ducks (ANA),19,27.45,14.75,2.45,0.425,2.85,9.475,22.325,11.475,6.55,2.675,0.0
2018,17,Detroit Red Wings (DET),15,28.675,13.8,2.75,0.475,2.6,9.025,21.15,13.325,6.225,2.6,0.0
2018,25,Dallas Stars (DAL),20,29.692307692,15.564102564,2.717948718,0.512820513,2.564102564,8.435897436,22.487179487,11.205128205,6.923076923,2.820512821,14.0
2018,9,Ottawa Senators (OTT),15,29.153846154,17.461538462,3.153846154,0.666666667,3.051282051,9.794871795,20.41025641,11.948717949,7.384615385,2.051282051,0.0
2018,13,Florida Panthers (FLA),16,34.324324324,13.756756757,3.216216216,1.054054054,3.702702703,8.594594595,21.297297297,13.891891892,9.108108108,2.756756757,0.0
2018,3,NY Rangers Rangers (NYR),16,28.405405405,15.972972973,2.810810811,0.594594595,2.918918919,9.405405405,25.918918919,13.648648649,8.27027027,2.432432432,0.0
2018,22,Edmonton Oilers (EDM),18,30.157894737,14.315789474,2.815789474,0.657894737,3.052631579,9.894736842,26.447368421,12.263157895,8.921052632,2.921052632,0.0
2018,30,Minnesota Wild (MIN),18,31.973684211,15.263157895,2.894736842,0.684210526,2.947368421,8.605263158,19.605263158,6.078947368,6.868421053,2.368421053,0.0
2018,29,Columbus Blue Jackets (CBJ),22,32.0,13.894736842,3.236842105,0.421052632,3.131578947,7.131578947,18.736842105,7.236842105,6.894736842,2.5,13.0
2018,20,Calgary Flames (CGY),23,32.179487179,12.153846154,3.41025641,0.743589744,3.538461538,8.692307692,14.692307692,12.923076923,9.435897436,2.794871795,2.0
2018,1,New Jersey Devils (NJD),15,32.973684211,13.605263158,2.973684211,0.631578947,3.236842105,8.815789474,21.394736842,9.157894737,8.315789474,2.973684211,0.0
2018,7,Buffalo Sabres (BUF),21,32.1,12.85,2.8,0.6,3.125,7.825,17.9,9.125,5.95,2.85,0.0
2018,8,Montreal Canadiens (MTL),20,34.333333333,14.230769231,3.153846154,0.461538462,3.384615385,9.025641026,27.487179487,10.897435897,7.307692308,2.974358974,0.0
2018,18,Nashville Predators (NSH),23,32.675,12.775,2.975,0.525,3.425,8.35,17.65,10.2,8.15,2.525,8.0
2018,16,Chicago Blackhawks (CHI),15,31.536585366,12.87804878,2.902439024,0.463414634,3.0,8.292682927,15.56097561,8.390243902,7.414634146,2.902439024,0.0
2018,26,Los Angeles Kings (LAK),15,28.974358974,14.358974359,2.256410256,0.41025641,2.769230769,7.333333333,22.58974359,11.384615385,4.307692308,2.384615385,0.0
2018,54,Vegas Golden Knights (VGK),23,32.619047619,13.428571429,3.023809524,0.619047619,3.047619048,7.523809524,26.952380952,9.428571429,10.452380952,2.80952381,15.0
2018,23,Vancouver Canucks (VAN),19,28.333333333,14.880952381,2.928571429,0.571428571,3.214285714,9.928571429,21.642857143,7.404761905,6.214285714,2.785714286,0.0
2018,10,Toronto Maple Leafs (TOR),26,31.666666667,13.641025641,3.692307692,0.641025641,2.692307692,6.743589744,16.666666667,11.820512821,9.282051282,2.743589744,7.0
prob_no_playoffs,prob_playoffs
0.2832515476083013,0.7167484523916987
0.09793167754297538,0.9020683224570246
0.036838707390452585,0.9631612926095474
0.14749591120702377,0.8525040887929762
0.679356479985685,0.3206435200143149
0.0024417006416984632,0.9975582993583015
0.12741185842487435,0.8725881415751257
0.7663361642532323,0.23366383574676772
0.04581409348078758,0.9541859065192124
0.09546877510285601,0.904531224897144
0.6069621287566958,0.3930378712433043
0.6299015649508399,0.3700984350491601
0.5232182727107724,0.4767817272892276
0.5023217695695776,0.4976782304304223
0.3865315018593113,0.6134684981406887
0.4934319437857604,0.5065680562142396
0.29908374773111424,0.7009162522688858
0.5795291768747222,0.4204708231252779
0.5323550611849481,0.4676449388150519
0.38728772415680457,0.6127122758431954
0.07477011149504653,0.9252298885049535
0.028590791967300078,0.9714092080326999
0.6139981742898699,0.38600182571013003
0.1433847792118148,0.8566152207881852
0.26676412030329233,0.7332358796967077
0.0623125149696967,0.9376874850303033
0.5463129349273673,0.4536870650726327
0.6687249401811673,0.33127505981883265
0.14062415255206062,0.8593758474479394
0.4384827097798396,0.5615172902201604
0.00781709037137801,0.992182909628622
